{
  "min": -1.8620117902755737,
  "max": 1.3709884881973267,
  "count": 11,
  "missing": 0,
  "items": {
    "0": -1.8620117902755737,
    "1": -1.452186942100525,
    "2": -1.1165661811828613,
    "3": -0.5687531232833862,
    "4": -0.5008038282394409,
    "5": -0.40225300192832947,
    "6": -0.39417800307273865,
    "7": 0.1352279931306839,
    "8": 0.42183709144592285,
    "9": 0.5960255265235901,
    "10": 1.3709884881973267
  },
  "mean": -0.3429703427986665,
  "variance": 0.804663364784881,
  "median": -0.40225300192832947,
  "q1": -0.8426596522331238,
  "q3": 0.2785325422883034,
  "iqr": 1.1211921945214272,
  "outlier": [],
  "whiskerHigh": 1.3709884881973267,
  "whiskerLow": -1.8620117902755737
}